{"title":"Hobby Introduction: Mountain Climbing","markdown":{"yaml":{"title":"Hobby Introduction: Mountain Climbing","author":"Eugine Tan"},"headingText":"Hobby Introduction: Mountain Climbing","containsRefs":false,"markdown":"\n\n\nWelcome to the exhilarating world of mountain climbing! My name is Eugine, and I'm passionate about scaling peaks and exploring the wonders of nature from great heights.\n\n## Why Mountain Climbing?\n\nFor me, mountain climbing is more than just a hobby; it's a way of life. The challenge of conquering steep slopes, the breathtaking views from the summit, and the sense of accomplishment when reaching the peak are unparalleled experiences that keep me coming back for more.\n\n## My Journey\n\nMy fascination with mountain climbing began at a young age when I embarked on my first hike up a local hill. Since then, I've ventured to various mountain ranges around the world, from the rugged peaks of the Himalayas to the majestic summits of the Alps.\n\n <p align=\"center\">\n    <em>A picture of the mountain I hiked</em><br>\n    ![A picture of the mountain I hiked](imgs/mountain.jpeg)\n</p>\n\n## What I Love About It\n\nOne of the things I love most about mountain climbing is the opportunity it provides for personal growth and self-discovery. Each climb presents its own set of obstacles, pushing me to test my limits both physically and mentally. It's a journey of resilience, determination, and inner strength.\n\n## Sharing the Adventure\n\nMountain climbing is not just about reaching the top; it's also about the camaraderie and sense of community among fellow climbers. Whether it's swapping stories around a campfire or lending a helping hand on a difficult ascent, the bonds forged on the mountain are unlike any other.\n\n## Conclusion\n\nIf you're looking for a thrilling adventure that will challenge you in ways you never thought possible, I highly recommend giving mountain climbing a try. From the rush of adrenaline to the serenity of being surrounded by nature, it's an experience that will leave you craving more.\n\nSo grab your gear, lace up your boots, and join me as we ascend to new heights together!\n","srcMarkdownNoYaml":"\n\n# Hobby Introduction: Mountain Climbing\n\nWelcome to the exhilarating world of mountain climbing! My name is Eugine, and I'm passionate about scaling peaks and exploring the wonders of nature from great heights.\n\n## Why Mountain Climbing?\n\nFor me, mountain climbing is more than just a hobby; it's a way of life. The challenge of conquering steep slopes, the breathtaking views from the summit, and the sense of accomplishment when reaching the peak are unparalleled experiences that keep me coming back for more.\n\n## My Journey\n\nMy fascination with mountain climbing began at a young age when I embarked on my first hike up a local hill. Since then, I've ventured to various mountain ranges around the world, from the rugged peaks of the Himalayas to the majestic summits of the Alps.\n\n <p align=\"center\">\n    <em>A picture of the mountain I hiked</em><br>\n    ![A picture of the mountain I hiked](imgs/mountain.jpeg)\n</p>\n\n## What I Love About It\n\nOne of the things I love most about mountain climbing is the opportunity it provides for personal growth and self-discovery. Each climb presents its own set of obstacles, pushing me to test my limits both physically and mentally. It's a journey of resilience, determination, and inner strength.\n\n## Sharing the Adventure\n\nMountain climbing is not just about reaching the top; it's also about the camaraderie and sense of community among fellow climbers. Whether it's swapping stories around a campfire or lending a helping hand on a difficult ascent, the bonds forged on the mountain are unlike any other.\n\n## Conclusion\n\nIf you're looking for a thrilling adventure that will challenge you in ways you never thought possible, I highly recommend giving mountain climbing a try. From the rush of adrenaline to the serenity of being surrounded by nature, it's an experience that will leave you craving more.\n\nSo grab your gear, lace up your boots, and join me as we ascend to new heights together!\n"},"formats":{"html":{"identifier":{"display-name":"HTML","target-format":"html","base-format":"html"},"execute":{"fig-width":7,"fig-height":5,"fig-format":"retina","fig-dpi":96,"df-print":"default","error":false,"eval":true,"cache":null,"freeze":false,"echo":true,"output":true,"warning":true,"include":true,"keep-md":false,"keep-ipynb":false,"ipynb":null,"enabled":null,"daemon":null,"daemon-restart":false,"debug":false,"ipynb-filters":[],"ipynb-shell-interactivity":null,"plotly-connected":true,"engine":"markdown"},"render":{"keep-tex":false,"keep-typ":false,"keep-source":false,"keep-hidden":false,"prefer-html":false,"output-divs":true,"output-ext":"html","fig-align":"default","fig-pos":null,"fig-env":null,"code-fold":"none","code-overflow":"scroll","code-link":false,"code-line-numbers":false,"code-tools":false,"tbl-colwidths":"auto","merge-includes":true,"inline-includes":false,"preserve-yaml":false,"latex-auto-mk":true,"latex-auto-install":true,"latex-clean":true,"latex-min-runs":1,"latex-max-runs":10,"latex-makeindex":"makeindex","latex-makeindex-opts":[],"latex-tlmgr-opts":[],"latex-input-paths":[],"latex-output-dir":null,"link-external-icon":false,"link-external-newwindow":false,"self-contained-math":false,"format-resources":[],"notebook-links":true},"pandoc":{"standalone":true,"wrap":"none","default-image-extension":"png","to":"html","css":["styles.css"],"toc":true,"toc-depth":3,"output-file":"fav_hobby.html"},"language":{"toc-title-document":"Table of contents","toc-title-website":"On this page","related-formats-title":"Other Formats","related-notebooks-title":"Notebooks","source-notebooks-prefix":"Source","other-links-title":"Other Links","code-links-title":"Code Links","launch-dev-container-title":"Launch Dev Container","launch-binder-title":"Launch Binder","article-notebook-label":"Article Notebook","notebook-preview-download":"Download Notebook","notebook-preview-download-src":"Download Source","notebook-preview-back":"Back to Article","manuscript-meca-bundle":"MECA Bundle","section-title-abstract":"Abstract","section-title-appendices":"Appendices","section-title-footnotes":"Footnotes","section-title-references":"References","section-title-reuse":"Reuse","section-title-copyright":"Copyright","section-title-citation":"Citation","appendix-attribution-cite-as":"For attribution, please cite this work as:","appendix-attribution-bibtex":"BibTeX citation:","title-block-author-single":"Author","title-block-author-plural":"Authors","title-block-affiliation-single":"Affiliation","title-block-affiliation-plural":"Affiliations","title-block-published":"Published","title-block-modified":"Modified","title-block-keywords":"Keywords","callout-tip-title":"Tip","callout-note-title":"Note","callout-warning-title":"Warning","callout-important-title":"Important","callout-caution-title":"Caution","code-summary":"Code","code-tools-menu-caption":"Code","code-tools-show-all-code":"Show All Code","code-tools-hide-all-code":"Hide All Code","code-tools-view-source":"View Source","code-tools-source-code":"Source Code","tools-share":"Share","tools-download":"Download","code-line":"Line","code-lines":"Lines","copy-button-tooltip":"Copy to Clipboard","copy-button-tooltip-success":"Copied!","repo-action-links-edit":"Edit this page","repo-action-links-source":"View source","repo-action-links-issue":"Report an issue","back-to-top":"Back to top","search-no-results-text":"No results","search-matching-documents-text":"matching documents","search-copy-link-title":"Copy link to search","search-hide-matches-text":"Hide additional matches","search-more-match-text":"more match in this document","search-more-matches-text":"more matches in this document","search-clear-button-title":"Clear","search-text-placeholder":"","search-detached-cancel-button-title":"Cancel","search-submit-button-title":"Submit","search-label":"Search","toggle-section":"Toggle section","toggle-sidebar":"Toggle sidebar navigation","toggle-dark-mode":"Toggle dark mode","toggle-reader-mode":"Toggle reader mode","toggle-navigation":"Toggle navigation","crossref-fig-title":"Figure","crossref-tbl-title":"Table","crossref-lst-title":"Listing","crossref-thm-title":"Theorem","crossref-lem-title":"Lemma","crossref-cor-title":"Corollary","crossref-prp-title":"Proposition","crossref-cnj-title":"Conjecture","crossref-def-title":"Definition","crossref-exm-title":"Example","crossref-exr-title":"Exercise","crossref-ch-prefix":"Chapter","crossref-apx-prefix":"Appendix","crossref-sec-prefix":"Section","crossref-eq-prefix":"Equation","crossref-lof-title":"List of Figures","crossref-lot-title":"List of Tables","crossref-lol-title":"List of Listings","environment-proof-title":"Proof","environment-remark-title":"Remark","environment-solution-title":"Solution","listing-page-order-by":"Order By","listing-page-order-by-default":"Default","listing-page-order-by-date-asc":"Oldest","listing-page-order-by-date-desc":"Newest","listing-page-order-by-number-desc":"High to Low","listing-page-order-by-number-asc":"Low to High","listing-page-field-date":"Date","listing-page-field-title":"Title","listing-page-field-description":"Description","listing-page-field-author":"Author","listing-page-field-filename":"File Name","listing-page-field-filemodified":"Modified","listing-page-field-subtitle":"Subtitle","listing-page-field-readingtime":"Reading Time","listing-page-field-wordcount":"Word Count","listing-page-field-categories":"Categories","listing-page-minutes-compact":"{0} min","listing-page-category-all":"All","listing-page-no-matches":"No matching items","listing-page-words":"{0} words"},"metadata":{"lang":"en","fig-responsive":true,"quarto-version":"1.4.554","theme":"cosmo","toc-location":"left","title":"Hobby Introduction: Mountain Climbing","author":"Eugine Tan"},"extensions":{"book":{"multiFile":true}}}},"projectFormats":["html"]}